Class,FPR
0,0.0
1,0.0025906735751295338
2,0.0
3,0.0
4,0.007751937984496124
5,0.002583979328165375
6,0.002583979328165375
7,0.0
8,0.0
9,0.0
A,0.012919896640826873
B,0.002583979328165375
C,0.0
D,0.0
E,0.0
F,0.005208333333333333
G,0.0
H,0.0
I,0.0
J,0.0
K,0.0
L,0.0026109660574412533
M,0.007832898172323759
N,0.0
O,0.0
P,0.0
Q,0.010443864229765013
R,0.0
S,0.005235602094240838
T,0.0
U,0.0025906735751295338
V,0.0078125
W,0.0
X,0.0
Y,0.0
Z,0.002652519893899204
